{"Username": ["Allen", "John Nguyen", "sterling", "4", "1"], "Password": ["abc123", "1234", "sterling", "5", "1"], "TenantList": [[{"aptNumber": 102, "name": "Jacob"}, {"aptNumber": 103, "name": "Abraham"}], [], [], [], [{"aptNumber": 5, "name": "Five Guys"}, {"aptNumber": 100, "name": "Dua Lipa"}, {"aptNumber": 101, "name": "The Clash"}, {"aptNumber": 102, "name": "The Stones"}, {"aptNumber": 103, "name": "Ariana Grande"}]], "RentRecords": [[[18.24, 0, 0, 0, 0, 0, 0, 0, 0, 0, 0, 0], [0.0, 1.0, 0, 0, 0, 0, 0, 0, 0, 0, 0, 0]], [], [[0, 0, 0, 0, 0, 0, 0, 0, 0, 0, 0, 0], [0, 0, 0, 0, 0, 0, 0, 0, 0, 0, 0, 0], [0, 0, 0, 0, 0, 0, 0, 0, 0, 0, 0, 0], [0, 0, 0, 0, 0, 0, 0, 0, 0, 0, 0, 0]], [], [[0, 0, 0, 0, 0, 0, 0, 0, 0, 0, 0, 0], [14936.56, 0, 0, 0, 0.0, 128.58, 0, 0, 0, 0, 1040.23, 0], [0, 0, 0, 0, 0, 0, 100.4254, 0, 0, 0, 0, 1234.45], [0, 0, 0, 0, 0, 0, 0, 0, 0, 0, 0, 0], [0, 0, 0, 0, 0, 0, 12345.67, 0, 0, 0, 0, 0]]], "Expenses": [[{"Month": 10, "Day": 1, "Category": "Food", "Payee": "McDonalds", "Amount": 25.0}, {"Month": 10, "Day": 1, "Category": "Food", "Payee": "Arbys", "Amount": 20.0}, {"Month": 2, "Day": 28, "Category": "Water", "Payee": "Gov", "Amount": 200.0}], [], [], [], [{"Year": 2022, "Month": 11, "Day": 25, "Category": "Gifts", "Payee": "girlfriend", "Amount": 30.0}, {"Year": 2021, "Month": 6, "Day": 22, "Category": "repairs", "Payee": "joe", "Amount": 12.34}, {"Year": 2021, "Month": 4, "Day": 22, "Category": "repairs", "Payee": "joes", "Amount": 123.23}]]}